vertex_index,x_mm,y_mm,z_mm,E_sim,E_Pa,region
3,0.2121,0.2121,0.0000,3.064152e+2,4313.6904,corner
4,0.1060,0.2121,0.1837,4.840901e+2,6814.9847,corner
6,-0.2121,-0.2121,0.0000,2.191567e+3,30852.7267,corner
7,-0.1060,-0.2121,-0.1837,6.201180e+2,8729.9768,corner
14,-0.2121,-0.0000,0.0000,7.812085e+3,109977.9657,edge
16,-0.1591,-0.0000,-0.0918,1.705864e+4,240150.3611,face
17,-0.1060,-0.0000,-0.1837,1.579379e+4,222343.7762,edge
18,-0.1591,-0.2121,-0.0918,1.034741e+3,14567.0135,edge
20,-0.0000,-0.0000,-0.1837,1.429949e+4,201307.1456,face
21,0.1060,-0.0000,-0.1837,1.127311e+3,15870.1962,edge
24,0.1591,-0.0000,-0.0918,1.188923e+3,16737.5749,face
25,0.2121,-0.0000,0.0000,1.003465e+3,14126.7131,edge
27,0.1591,0.2121,0.0918,1.136698e+3,16002.3554,edge
28,0.1591,-0.0000,0.0918,1.509913e+3,21256.4470,face
29,0.1060,-0.0000,0.1837,5.944987e+2,8369.3099,edge
31,-0.0000,0.2121,0.1837,1.116485e+3,15717.7930,edge
32,-0.0000,-0.0000,0.1837,2.339465e+2,3293.4823,face
33,-0.1060,-0.0000,0.1837,8.727958e+2,12287.1557,edge
36,-0.1591,-0.0000,0.0918,1.654635e+4,232938.3653,face
50,-0.2121,-0.1060,0.0000,5.370279e+3,75602.3958,edge
51,-0.1856,-0.0000,-0.0459,1.778522e+4,250379.0477,face
52,-0.1856,-0.1060,-0.0459,5.153186e+3,72546.1726,face
53,-0.2121,0.1060,0.0000,1.559881e+4,219598.8966,edge
55,-0.1856,0.1060,-0.0459,1.529081e+4,215262.9361,face
56,-0.1591,0.1060,-0.0918,1.485822e+4,209172.8989,face
58,-0.1326,0.1060,-0.1378,1.457439e+4,205177.1597,face
59,-0.1591,-0.1060,-0.0918,3.695912e+3,52030.7862,face
61,-0.1060,0.1060,-0.1837,1.425028e+4,200614.3576,edge
62,-0.1326,-0.0000,-0.1378,1.604289e+4,225850.5825,face
63,-0.1326,-0.1060,-0.1378,2.670397e+3,37593.6516,face
64,-0.1060,-0.1060,-0.1837,3.141920e+3,44231.7209,edge
65,-0.1326,-0.2121,-0.1378,7.345613e+2,10341.1013,edge
66,-0.0530,-0.0000,-0.1837,1.433403e+4,201793.4665,face
67,-0.0530,-0.1060,-0.1837,1.605681e+4,226046.5599,face
69,-0.0530,0.1060,-0.1837,2.858300e+3,40238.9340,face
70,-0.0000,0.1060,-0.1837,1.361788e+4,191711.4845,face
72,0.0530,0.1060,-0.1837,1.308463e+3,18420.4440,face
73,-0.0000,-0.1060,-0.1837,1.478570e+4,208152.0292,face
75,0.1060,0.1060,-0.1837,2.302325e+3,32411.9638,edge
76,0.0530,-0.0000,-0.1837,2.560242e+3,36042.9073,face
77,0.0530,-0.1060,-0.1837,1.585022e+3,22313.8244,face
78,0.1060,-0.1060,-0.1837,1.333452e+3,18772.2375,edge
80,0.1326,-0.0000,-0.1378,8.420997e+2,11855.0190,face
81,0.1326,-0.1060,-0.1378,9.536367e+2,13425.2286,face
83,0.1326,0.1060,-0.1378,9.523195e+2,13406.6843,face
84,0.1591,0.1060,-0.0918,1.059340e+3,14913.3164,face
86,0.1856,0.1060,-0.0459,1.254025e+3,17654.0682,face
87,0.1591,-0.1060,-0.0918,1.160050e+3,16331.1056,face
89,0.2121,0.1060,0.0000,1.581311e+3,22261.5856,edge
90,0.1856,-0.0000,-0.0459,1.164065e+3,16387.6287,face
91,0.1856,-0.1060,-0.0459,6.185958e+2,8708.5463,face
92,0.2121,-0.1060,0.0000,6.548093e+2,9218.3574,edge
94,0.1856,-0.0000,0.0459,1.474275e+3,20754.7369,face
95,0.1856,-0.1060,0.0459,2.679131e+2,3771.6606,face
96,0.1856,0.2121,0.0459,9.948851e+2,14005.9208,edge
97,0.1856,0.1060,0.0459,1.313405e+3,18490.0156,face
98,0.1591,0.1060,0.0918,1.376313e+3,19375.6379,face
99,0.1326,0.2121,0.1378,1.172011e+3,16499.4857,edge
100,0.1326,0.1060,0.1378,1.022828e+3,14399.2976,face
101,0.1591,-0.1060,0.0918,4.084357e+2,5749.9277,face
103,0.1060,0.1060,0.1837,3.397146e+2,4782.4779,edge
104,0.1326,-0.0000,0.1378,1.066259e+3,15010.7157,face
105,0.1326,-0.1060,0.1378,4.612598e+2,6493.5815,face
106,0.1060,-0.1060,0.1837,4.810392e+2,6772.0343,edge
108,0.0530,-0.0000,0.1837,3.560761e+2,5012.8132,face
109,0.0530,-0.1060,0.1837,4.534465e+2,6383.5866,face
110,0.0530,0.2121,0.1837,8.794167e+2,12380.3652,edge
111,0.0530,0.1060,0.1837,6.455508e+2,9088.0171,face
112,-0.0000,0.1060,0.1837,6.207415e+2,8738.7541,face
113,-0.0530,0.2121,0.1837,9.909159e+2,13950.0421,edge
114,-0.0530,0.1060,0.1837,7.857269e+2,11061.4059,face
115,-0.0000,-0.1060,0.1837,5.962448e+2,8393.8912,face
117,-0.1060,0.1060,0.1837,2.336309e+2,3289.0392,edge
118,-0.0530,-0.0000,0.1837,7.332310e+2,10322.3731,face
119,-0.0530,-0.1060,0.1837,5.364788e+2,7552.5099,face
120,-0.1060,-0.1060,0.1837,5.888736e+2,8290.1198,edge
122,-0.1326,-0.0000,0.1378,1.584726e+4,223096.6291,face
123,-0.1326,-0.1060,0.1378,7.260414e+3,102211.5760,face
125,-0.1326,0.1060,0.1378,1.413010e+4,198922.5317,face
126,-0.1591,0.1060,0.0918,3.029028e+3,42642.4411,face
128,-0.1856,0.1060,0.0459,3.117270e+3,43884.6945,face
129,-0.1591,-0.1060,0.0918,7.431893e+3,104625.6449,face
131,-0.1856,-0.0000,0.0459,6.186525e+3,87093.4491,face
132,-0.1856,-0.1060,0.0459,6.390957e+3,89971.4229,face
194,-0.2121,-0.1591,0.0000,3.262001e+3,45922.2133,edge
195,-0.1988,-0.1060,-0.0230,5.255396e+3,73985.0838,face
196,-0.1988,-0.1591,-0.0230,3.211604e+3,45212.7283,face
197,-0.2121,-0.0530,0.0000,8.088509e+3,113869.4472,edge
198,-0.1988,-0.0000,-0.0230,1.782816e+4,250983.4912,face
199,-0.1988,-0.0530,-0.0230,9.495043e+3,133670.5266,face
200,-0.1856,-0.0530,-0.0459,8.753090e+3,123225.3643,face
201,-0.1723,-0.0000,-0.0689,1.745656e+4,245752.1664,face
202,-0.1723,-0.0530,-0.0689,8.051701e+3,113351.2585,face
203,-0.2121,0.0530,0.0000,6.560306e+3,92355.5144,edge
204,-0.1988,0.1060,-0.0230,1.509226e+4,212467.7801,face
205,-0.1988,0.0530,-0.0230,1.662025e+4,233978.6746,face
206,-0.2121,0.1591,0.0000,2.100833e+3,29575.3713,edge
208,-0.1988,0.1591,-0.0230,1.405195e+4,197822.3637,face
209,-0.1856,0.1591,-0.0459,1.414088e+4,199074.2681,face
211,-0.1723,0.1591,-0.0689,1.439501e+4,202651.9039,face
212,-0.1591,0.0530,-0.0918,1.599498e+4,225176.2305,face
213,-0.1458,0.1060,-0.1148,1.465036e+4,206246.6560,face
214,-0.1458,0.0530,-0.1148,1.561218e+4,219787.1888,face
215,-0.1591,0.1591,-0.0918,1.433961e+4,201871.9950,face
217,-0.1458,0.1591,-0.1148,1.412211e+4,198810.0595,face
218,-0.1326,0.1591,-0.1378,1.415555e+4,199280.7902,face
220,-0.1193,0.1591,-0.1607,1.422988e+4,200327.2861,face
221,-0.1856,0.0530,-0.0459,1.661495e+4,233904.0231,face
222,-0.1723,0.1060,-0.0689,1.517848e+4,213681.5889,face
223,-0.1723,0.0530,-0.0689,1.631746e+4,229716.0184,face
224,-0.1856,-0.1591,-0.0459,2.981976e+3,41980.0464,face
225,-0.1988,-0.2121,-0.0230,2.432876e+3,34249.8585,edge
226,-0.1591,-0.0530,-0.0918,6.838674e+3,96274.3613,face
227,-0.1723,-0.1060,-0.0689,4.481350e+3,63088.1218,face
228,-0.1723,-0.1591,-0.0689,2.490402e+3,35059.6933,face
229,-0.1591,-0.1591,-0.0918,1.986780e+3,27969.7487,face
230,-0.1723,-0.2121,-0.0689,1.696818e+3,23887.6824,edge
231,-0.1326,0.0530,-0.1378,1.528107e+4,215125.8276,face
232,-0.1458,-0.0000,-0.1148,1.664003e+4,234257.0986,face
233,-0.1060,0.1591,-0.1837,1.402054e+4,197380.1050,edge
234,-0.1193,0.1060,-0.1607,1.448066e+4,203857.7252,face
235,-0.1193,0.0530,-0.1607,1.512705e+4,212957.5655,face
236,-0.1060,0.0530,-0.1837,1.470771e+4,207054.1021,edge
237,-0.1193,-0.0000,-0.1607,4.452054e+3,62675.6963,face
238,-0.1458,-0.1591,-0.1148,1.534254e+3,21599.1170,face
239,-0.1326,-0.1591,-0.1378,1.132954e+3,15949.6388,face
241,-0.1193,-0.0530,-0.1607,2.920246e+3,41111.0059,face
242,-0.1060,-0.0530,-0.1837,1.643356e+4,231350.4465,edge
243,-0.1193,-0.1060,-0.1607,2.165042e+3,30479.3111,face
244,-0.1193,-0.1591,-0.1607,8.102769e+2,11407.0188,face
245,-0.1060,-0.1591,-0.1837,2.053162e+3,28904.2605,edge
247,-0.1458,-0.0530,-0.1148,5.612047e+3,79005.9959,face
248,-0.1326,-0.0530,-0.1378,3.997548e+3,56277.1889,face
249,-0.1458,-0.1060,-0.1148,3.010092e+3,42375.8541,face
250,-0.0795,-0.1060,-0.1837,1.679687e+4,236465.1061,face
251,-0.0795,-0.1591,-0.1837,6.902915e+3,97178.7375,face
252,-0.0795,-0.0000,-0.1837,1.463692e+4,206057.4563,face
253,-0.0795,-0.0530,-0.1837,1.576117e+4,221884.5388,face
254,-0.0530,-0.0530,-0.1837,1.518266e+4,213740.3203,face
255,-0.0265,-0.0000,-0.1837,1.424572e+4,200550.1821,face
256,-0.0265,-0.0530,-0.1837,1.461789e+4,205789.5495,face
257,-0.0795,0.1060,-0.1837,2.504275e+3,35254.9971,face
258,-0.0795,0.0530,-0.1837,1.423961e+4,200464.1885,face
260,-0.0795,0.1591,-0.1837,1.782556e+3,25094.6946,face
261,-0.0530,0.1591,-0.1837,1.549581e+3,21814.8915,face
263,-0.0265,0.1591,-0.1837,2.268478e+3,31935.4658,face
264,-0.0000,0.0530,-0.1837,1.405697e+4,197893.0557,face
265,0.0265,0.1060,-0.1837,1.424974e+4,200606.7687,face
266,0.0265,0.0530,-0.1837,1.449161e+4,204011.8400,face
267,-0.0000,0.1591,-0.1837,2.430948e+3,34222.7131,face
269,0.0265,0.1591,-0.1837,2.841191e+3,39998.0866,face
270,0.0530,0.1591,-0.1837,7.588619e+2,10683.2025,face
272,0.0795,0.1591,-0.1837,1.414633e+3,19915.1033,face
273,-0.0530,0.0530,-0.1837,1.403810e+4,197627.2936,face
274,-0.0265,0.1060,-0.1837,2.719587e+3,38286.1440,face
275,-0.0265,0.0530,-0.1837,1.400372e+4,197143.3511,face
276,-0.0530,-0.1591,-0.1837,5.229022e+3,73613.7991,face
278,-0.0000,-0.0530,-0.1837,1.433735e+4,201840.1684,face
279,-0.0265,-0.1060,-0.1837,1.547029e+4,217789.6629,face
280,-0.0265,-0.1591,-0.1837,3.982109e+3,56059.8368,face
281,-0.0000,-0.1591,-0.1837,2.816746e+3,39653.9473,face
283,0.0530,0.0530,-0.1837,1.531592e+3,21561.6383,face
284,0.0265,-0.0000,-0.1837,1.451295e+4,204312.2195,face
285,0.1060,0.1591,-0.1837,8.021689e+2,11292.8763,edge
286,0.0795,0.1060,-0.1837,1.095284e+3,15419.3227,face
287,0.0795,0.0530,-0.1837,1.434895e+3,20200.3498,face
288,0.1060,0.0530,-0.1837,6.588544e+2,9275.3049,edge
289,0.0795,-0.0000,-0.1837,1.375450e+3,19363.4881,face
290,0.0265,-0.1591,-0.1837,1.771856e+3,24944.0597,face
291,0.0530,-0.1591,-0.1837,1.780696e+3,25068.5150,face
293,0.0795,-0.0530,-0.1837,1.369272e+3,19276.5133,face
294,0.1060,-0.0530,-0.1837,1.111244e+4,156440.1445,edge
295,0.0795,-0.1060,-0.1837,1.359405e+3,19137.6055,face
296,0.0795,-0.1591,-0.1837,1.650805e+3,23239.9104,face
297,0.1060,-0.1591,-0.1837,2.166934e+2,3050.5940,edge
299,0.0265,-0.0530,-0.1837,1.470517e+4,207018.3299,face
300,0.0530,-0.0530,-0.1837,2.116498e+3,29795.9061,face
301,0.0265,-0.1060,-0.1837,1.294124e+4,182185.7869,face
302,0.1193,-0.1060,-0.1607,6.832015e+2,9618.0609,face
303,0.1193,-0.1591,-0.1607,4.265481e+2,6004.9136,face
304,0.1193,-0.0000,-0.1607,7.054608e+2,9931.4254,face
305,0.1193,-0.0530,-0.1607,8.283773e+2,11661.8350,face
306,0.1326,-0.0530,-0.1378,1.079015e+3,15190.2900,face
307,0.1458,-0.0000,-0.1148,1.138387e+3,16026.1240,face
308,0.1458,-0.0530,-0.1148,1.331321e+3,18742.2446,face
309,0.1193,0.1060,-0.1607,7.785826e+2,10960.8291,face
310,0.1193,0.0530,-0.1607,7.568226e+2,10654.4933,face
312,0.1193,0.1591,-0.1607,6.607392e+2,9301.8385,face
313,0.1326,0.1591,-0.1378,6.123565e+2,8620.7105,face
315,0.1458,0.1591,-0.1148,7.091154e+2,9982.8754,face
316,0.1591,0.0530,-0.0918,1.047734e+3,14749.9251,face
317,0.1723,0.1060,-0.0689,1.139626e+3,16043.5736,face
318,0.1723,0.0530,-0.0689,1.476765e+3,20789.7908,face
319,0.1591,0.1591,-0.0918,8.186154e+2,11524.4076,face
321,0.1723,0.1591,-0.0689,9.888671e+2,13921.1997,face
322,0.1856,0.1591,-0.0459,1.043255e+3,14686.8615,face
324,0.1988,0.1591,-0.0230,1.133624e+3,15959.0751,face
325,0.1326,0.0530,-0.1378,8.376730e+2,11792.6994,face
326,0.1458,0.1060,-0.1148,9.820529e+2,13825.2698,face
327,0.1458,0.0530,-0.1148,9.460693e+2,13318.6955,face
328,0.1326,-0.1591,-0.1378,4.653705e+2,6551.4515,face
330,0.1591,-0.0530,-0.0918,1.260917e+3,17751.1014,face
331,0.1458,-0.1060,-0.1148,1.000939e+3,14091.1505,face
332,0.1458,-0.1591,-0.1148,5.591061e+2,7871.0557,face
333,0.1591,-0.1591,-0.0918,7.504070e+2,10564.1760,face
335,0.1856,0.0530,-0.0459,1.504621e+3,21181.9398,face
336,0.1723,-0.0000,-0.0689,1.449838e+3,20410.7127,face
337,0.2121,0.1591,0.0000,9.308267e+2,13104.1102,edge
338,0.1988,0.1060,-0.0230,1.322599e+3,18619.4494,face
339,0.1988,0.0530,-0.0230,1.336566e+3,18816.0833,face
340,0.2121,0.0530,0.0000,1.725754e+3,24295.0367,edge
341,0.1988,-0.0000,-0.0230,1.460169e+3,20556.1474,face
342,0.1723,-0.1591,-0.0689,2.594626e+2,3652.6959,face
343,0.1856,-0.1591,-0.0459,4.316729e+2,6077.0591,face
345,0.1988,-0.0530,-0.0230,1.077288e+3,15165.9887,face
346,0.2121,-0.0530,0.0000,1.092400e+3,15378.7335,edge
347,0.1988,-0.1060,-0.0230,7.568351e+2,10654.6703,face
348,0.1988,-0.1591,-0.0230,5.862715e+2,8253.4883,face
349,0.2121,-0.1591,0.0000,5.174589e+2,7284.7492,edge
351,0.1723,-0.0530,-0.0689,8.843326e+2,12449.5708,face
352,0.1856,-0.0530,-0.0459,1.157276e+3,16292.0494,face
353,0.1723,-0.1060,-0.0689,1.090156e+3,15347.1389,face
354,0.1988,-0.1060,0.0230,2.695836e+2,3795.1778,face
355,0.1988,-0.1591,0.0230,1.421931e+2,2001.7837,face
356,0.1988,-0.0000,0.0230,1.335296e+3,18798.2006,face
357,0.1988,-0.0530,0.0230,1.050928e+3,14794.8948,edge
359,0.1723,-0.0000,0.0689,1.298611e+3,18281.7475,face
360,0.1723,-0.0530,0.0689,1.088268e+3,15320.5641,edge
361,0.1988,0.1060,0.0230,1.161433e+3,16350.5711,face
362,0.1988,0.0530,0.0230,1.196949e+3,16850.5626,face
363,0.1988,0.2121,0.0230,6.758068e+2,9513.9595,edge
364,0.1988,0.1591,0.0230,1.357242e+3,19107.1485,face
365,0.1856,0.1591,0.0459,1.454693e+3,20479.0694,face
366,0.1723,0.2121,0.0689,1.025909e+3,14442.6665,edge
367,0.1723,0.1591,0.0689,1.280923e+3,18032.7442,face
368,0.1591,0.0530,0.0918,1.147643e+3,16156.4342,face
369,0.1458,0.1060,0.1148,1.442012e+3,20300.5433,face
370,0.1458,0.0530,0.1148,8.873968e+2,12492.7077,face
371,0.1591,0.1591,0.0918,1.281753e+3,18044.4197,face
372,0.1458,0.2121,0.1148,7.332598e+2,10322.7787,edge
373,0.1458,0.1591,0.1148,1.286566e+3,18112.1869,face
374,0.1326,0.1591,0.1378,1.444926e+3,20341.5656,face
375,0.1193,0.2121,0.1607,6.748149e+2,9499.9958,edge
376,0.1193,0.1591,0.1607,1.498114e+3,21090.3353,face
377,0.1856,0.0530,0.0459,1.222635e+3,17212.1653,face
378,0.1723,0.1060,0.0689,1.267015e+3,17836.9438,face
379,0.1723,0.0530,0.0689,1.302287e+3,18333.5087,face
380,0.1856,-0.1591,0.0459,1.305384e+2,1837.7100,face
382,0.1591,-0.0530,0.0918,4.273559e+2,6016.2858,face
383,0.1723,-0.1060,0.0689,2.927348e+2,4121.0993,face
384,0.1723,-0.1591,0.0689,1.701317e+2,2395.1013,face
385,0.1591,-0.1591,0.0918,2.199717e+2,3096.7462,face
387,0.1326,0.0530,0.1378,1.335055e+3,18794.8100,face
388,0.1458,-0.0000,0.1148,1.231727e+3,17340.1641,face
389,0.1060,0.1591,0.1837,8.812811e+2,12406.6110,edge
390,0.1193,0.1060,0.1607,1.050172e+3,14784.2521,face
391,0.1193,0.0530,0.1607,1.102649e+3,15523.0134,face
392,0.1060,0.0530,0.1837,5.352657e+2,7535.4315,edge
393,0.1193,-0.0000,0.1607,7.315961e+2,10299.3573,corner
394,0.1458,-0.1591,0.1148,2.511666e+2,3535.9051,face
395,0.1326,-0.1591,0.1378,2.565634e+2,3611.8807,face
397,0.1193,-0.0530,0.1607,4.133285e+2,5818.8085,corner
398,0.1060,-0.0530,0.1837,6.103583e+2,8592.5796,edge
399,0.1193,-0.1060,0.1607,4.241437e+2,5971.0644,face
400,0.1193,-0.1591,0.1607,2.598498e+2,3658.1461,face
401,0.1060,-0.1591,0.1837,1.639540e+2,2308.1322,edge
403,0.1458,-0.0530,0.1148,6.882028e+2,9688.4685,face
404,0.1326,-0.0530,0.1378,3.384086e+2,4764.0922,face
405,0.1458,-0.1060,0.1148,1.509111e+2,2124.5160,face
406,0.0795,-0.1060,0.1837,4.546179e+2,6400.0773,face
407,0.0795,-0.1591,0.1837,4.121813e+2,5802.6581,face
408,0.0795,-0.0000,0.1837,3.544858e+2,4990.4251,corner
409,0.0795,-0.0530,0.1837,3.924775e+2,5525.2703,corner
410,0.0530,-0.0530,0.1837,4.018376e+2,5657.0400,face
411,0.0265,-0.0000,0.1837,3.097819e+2,4361.0874,face
412,0.0265,-0.0530,0.1837,3.732437e+2,5254.4984,face
413,0.0795,0.1060,0.1837,6.062012e+2,8534.0562,face
414,0.0795,0.0530,0.1837,3.231655e+2,4549.5004,face
415,0.0795,0.2121,0.1837,5.960107e+2,8390.5960,edge
416,0.0795,0.1591,0.1837,8.371230e+2,11784.9576,face
417,0.0530,0.1591,0.1837,8.180805e+2,11516.8780,face
419,0.0265,0.1591,0.1837,8.007820e+2,11273.3507,face
420,-0.0000,0.0530,0.1837,2.942472e+2,4142.3911,face
421,-0.0265,0.1060,0.1837,6.308980e+2,8881.7365,face
422,-0.0265,0.0530,0.1837,6.322663e+2,8900.9991,face
423,-0.0000,0.1591,0.1837,7.299424e+2,10276.0759,face
424,-0.0265,0.2121,0.1837,1.024304e+3,14420.0717,edge
425,-0.0265,0.1591,0.1837,3.861520e+2,5436.2204,face
426,-0.0530,0.1591,0.1837,6.725067e+2,9467.4999,face
427,-0.0795,0.2121,0.1837,7.912662e+2,11139.3887,edge
428,-0.0795,0.1591,0.1837,6.748988e+2,9501.1764,face
429,0.0530,0.0530,0.1837,3.521090e+2,4956.9651,face
430,0.0265,0.1060,0.1837,6.826140e+2,9609.7906,face
431,0.0265,0.0530,0.1837,3.678799e+2,5178.9868,face
432,0.0530,-0.1591,0.1837,4.632878e+2,6522.1314,face
434,-0.0000,-0.0530,0.1837,4.348527e+2,6121.8251,face
435,0.0265,-0.1060,0.1837,5.331567e+2,7505.7411,face
436,0.0265,-0.1591,0.1837,5.330004e+2,7503.5405,face
437,-0.0000,-0.1591,0.1837,5.559540e+2,7826.6807,face
439,-0.0530,0.0530,0.1837,8.455251e+2,11903.2417,face
440,-0.0265,-0.0000,0.1837,5.882350e+2,8281.1295,face
441,-0.1060,0.1591,0.1837,2.529299e+2,3560.7284,edge
442,-0.0795,0.1060,0.1837,8.235509e+2,11593.8899,face
443,-0.0795,0.0530,0.1837,8.209529e+2,11557.3151,face
444,-0.1060,0.0530,0.1837,6.193495e+2,8719.1580,edge
445,-0.0795,-0.0000,0.1837,7.898022e+2,11118.7779,face
446,-0.0265,-0.1591,0.1837,5.245877e+2,7385.1077,face
447,-0.0530,-0.1591,0.1837,4.451089e+2,6266.2111,face
449,-0.0795,-0.0530,0.1837,5.439539e+2,7657.7430,face
450,-0.1060,-0.0530,0.1837,7.142824e+2,10055.6160,edge
451,-0.0795,-0.1060,0.1837,3.360587e+2,4731.0102,face
452,-0.0795,-0.1591,0.1837,3.322227e+2,4677.0065,face
453,-0.1060,-0.1591,0.1837,3.378786e+2,4756.6305,edge
455,-0.0265,-0.0530,0.1837,4.475728e+2,6300.8972,face
456,-0.0530,-0.0530,0.1837,4.981237e+2,7012.5496,face
457,-0.0265,-0.1060,0.1837,5.987384e+2,8428.9958,face
458,-0.1193,-0.1060,0.1607,6.358980e+3,89521.2592,face
459,-0.1193,-0.1591,0.1607,3.182921e+3,44808.9365,face
460,-0.1193,-0.0000,0.1607,1.530398e+4,215448.3276,face
461,-0.1193,-0.0530,0.1607,1.624425e+4,228685.4426,face
462,-0.1326,-0.0530,0.1378,1.686547e+4,237430.9014,face
463,-0.1458,-0.0000,0.1148,1.628537e+4,229264.3149,face
464,-0.1458,-0.0530,0.1148,1.739128e+4,244833.1142,face
465,-0.1193,0.1060,0.1607,1.386371e+4,195172.3588,face
466,-0.1193,0.0530,0.1607,1.453948e+4,204685.7245,face
468,-0.1193,0.1591,0.1607,1.358025e+4,191181.8437,face
469,-0.1326,0.1591,0.1378,1.370134e+4,192886.4553,face
471,-0.1458,0.1591,0.1148,1.405254e+4,197830.6537,face
472,-0.1591,0.0530,0.0918,1.530205e+4,215421.1891,face
473,-0.1723,0.1060,0.0689,2.724953e+3,38361.6857,face
474,-0.1723,0.0530,0.0689,4.674351e+3,65805.1687,face
475,-0.1591,0.1591,0.0918,1.791046e+3,25214.2178,face
477,-0.1723,0.1591,0.0689,1.786609e+3,25151.7521,face
478,-0.1856,0.1591,0.0459,2.042330e+3,28751.7748,face
480,-0.1988,0.1591,0.0230,1.718786e+3,24196.9397,face
481,-0.1326,0.0530,0.1378,1.493666e+4,210277.2601,face
482,-0.1458,0.1060,0.1148,1.415288e+4,199243.2582,face
483,-0.1458,0.0530,0.1148,1.508963e+4,212430.7568,face
484,-0.1326,-0.1591,0.1378,3.743397e+3,52699.2678,face
486,-0.1591,-0.0530,0.0918,9.138498e+3,128651.1130,face
487,-0.1458,-0.1060,0.1148,7.626656e+3,107367.5069,face
488,-0.1458,-0.1591,0.1148,5.198698e+3,73186.8970,face
489,-0.1591,-0.1591,0.0918,4.903778e+3,69035.0357,face
491,-0.1856,0.0530,0.0459,4.009050e+3,56439.1091,face
492,-0.1723,-0.0000,0.0689,7.058120e+3,99363.6965,face
493,-0.1988,0.1060,0.0230,2.447629e+3,34457.5457,face
494,-0.1988,0.0530,0.0230,3.996921e+3,56268.3627,face
495,-0.1988,-0.0000,0.0230,4.383892e+3,61716.1082,face
496,-0.1723,-0.1591,0.0689,4.861975e+3,68446.5261,face
497,-0.1856,-0.1591,0.0459,4.409668e+3,62078.9860,face
499,-0.1988,-0.0530,0.0230,5.105151e+3,71869.9440,face
500,-0.1988,-0.1060,0.0230,5.394471e+3,75942.9744,face
501,-0.1988,-0.1591,0.0230,3.999051e+3,56298.3470,face
503,-0.1723,-0.0530,0.0689,6.829727e+3,96148.4023,face
504,-0.1856,-0.0530,0.0459,5.870934e+3,82650.5775,face
505,-0.1723,-0.1060,0.0689,7.192707e+3,101258.4013,face
770,-0.1272,-0.1273,-0.0141,3.832021e+3,53946.9103,edge
771,-0.1272,-0.0425,-0.0140,4.521292e+5,6365042.3646,edge
772,-0.0424,-0.1273,-0.0988,2.928508e+3,41227.3241,corner
773,-0.0424,-0.0424,-0.0989,4.084914e+5,5750712.8437,edge
774,0.0424,-0.1272,-0.0988,1.923439e+3,27078.0309,edge
775,0.0424,-0.0424,0.0709,7.220599e+4,1016510.7235,edge
776,0.0424,0.0424,-0.0139,2.865586e+5,4034150.6689,edge
777,0.0424,0.0424,0.0709,1.038725e+5,1462308.9749,edge
778,0.0424,0.1273,-0.0140,3.281875e+5,4620199.8332,edge
779,0.0424,0.1273,0.0709,5.516130e+3,77655.6835,edge
780,0.1273,-0.0425,0.0708,2.557052e+3,35997.9858,edge
781,0.1273,0.0424,-0.0140,2.004627e+5,2822099.8421,edge
782,0.1273,0.0424,0.0708,3.452076e+3,48598.0815,edge
783,0.1273,0.1273,-0.0140,2.941179e+3,41405.7110,edge
784,0.1273,0.1273,0.0708,2.021367e+3,28456.6539,edge